student_id,course_code,classes_held,classes_attended
S1001,CS201,40,30
S1001,CS202,40,36
S1001,MA201,40,35
S1002,CS201,40,29
S1002,CS202,40,38
S1002,MA201,40,37
S1003,CS201,40,32
S1003,CS202,40,34
S1003,MA201,40,36
S1004,CS201,40,31
S1004,CS202,40,35
S1004,MA201,40,33
S1005,CS201,40,34
S1005,CS202,40,36
S1005,MA201,40,35
S1006,CS201,40,33
S1006,CS202,40,34
S1006,MA201,40,31
S1007,CS201,40,33
S1007,CS202,40,20
S1007,MA201,40,32
S1008,EC201,40,31
S1008,EC202,40,32
S1008,MA202,40,30
S1009,EC201,40,34
S1009,EC202,40,35
S1009,MA202,40,33
S1010,EC201,40,38
S1010,EC202,40,37
S1010,MA202,40,39
S1011,CS201,41,37
S1011,CS202,37,36
S1011,MA201,44,37
S1012,EC201,39,36
S1012,EC202,37,32
S1012,MA202,41,33
S1013,CS201,37,33
S1013,CS202,47,39
S1013,MA201,40,39
S1014,EC201,39,37
S1014,EC202,40,32
S1014,MA202,46,40
S1015,CS201,44,37
S1015,CS202,42,36
S1015,MA201,43,34
S1016,EC201,46,40
S1016,EC202,43,38
S1016,MA202,47,38
S1017,CS201,43,34
S1017,CS202,48,39
S1017,MA201,46,38
S1018,EC201,44,42
S1018,EC202,45,38
S1018,MA202,41,39
S1019,CS201,37,29
S1019,CS202,37,36
S1019,MA201,46,40
S1020,EC201,48,44
S1020,EC202,40,34
S1020,MA202,44,38
S1021,CS201,39,35
S1021,CS202,47,42
S1021,MA201,36,34
S1022,EC201,44,35
S1022,EC202,48,42
S1022,MA202,37,30
S1023,CS201,36,33
S1023,CS202,42,39
S1023,MA201,39,32
S1024,EC201,37,32
S1024,EC202,46,45
S1024,MA202,48,45
S1025,CS201,36,29
S1025,CS202,40,38
S1025,MA201,42,38
S1026,EC201,45,41
S1026,EC202,41,32
S1026,MA202,44,36
S1027,CS201,39,33
S1027,CS202,45,36
S1027,MA201,40,33
S1028,EC201,40,35
S1028,EC202,43,39
S1028,MA202,44,36
S1029,CS201,41,34
S1029,CS202,44,40
S1029,MA201,46,43
S1030,EC201,37,35
S1030,EC202,39,36
S1030,MA202,46,43
S1031,CS201,37,33
S1031,CS202,36,30
S1031,MA201,40,32
S1032,EC201,47,45
S1032,EC202,44,36
S1032,MA202,40,34
S1033,CS201,41,38
S1033,CS202,47,38
S1033,MA201,38,37
S1034,EC201,48,46
S1034,EC202,38,35
S1034,MA202,36,34
S1035,CS201,39,32
S1035,CS202,41,34
S1035,MA201,40,34
S1036,EC201,40,33
S1036,EC202,42,36
S1036,MA202,45,44
S1037,CS201,36,32
S1037,CS202,42,33
S1037,MA201,41,37
S1038,EC201,41,35
S1038,EC202,38,31
S1038,MA202,47,45
S1039,CS201,48,43
S1039,CS202,43,37
S1039,MA201,43,40
S1040,EC201,45,38
S1040,EC202,40,33
S1040,MA202,36,28
