student_id,password
S1001,Pass@S1001
S1002,Pass@S1002
S1003,Pass@S1003
S1004,Pass@S1004
S1005,Pass@S1005
S1006,Pass@S1006
S1007,Pass@S1007
S1008,Pass@S1008
S1009,Pass@S1009
S1010,Pass@S1010
S1011,Pass@S1011
S1012,Pass@S1012
S1013,Pass@S1013
S1014,Pass@S1014
S1015,Pass@S1015
S1016,Pass@S1016
S1017,Pass@S1017
S1018,Pass@S1018
S1019,Pass@S1019
S1020,Pass@S1020
S1021,Pass@S1021
S1022,Pass@S1022
S1023,Pass@S1023
S1024,Pass@S1024
S1025,Pass@S1025
S1026,Pass@S1026
S1027,Pass@S1027
S1028,Pass@S1028
S1029,Pass@S1029
S1030,Pass@S1030
S1031,Pass@S1031
S1032,Pass@S1032
S1033,Pass@S1033
S1034,Pass@S1034
S1035,Pass@S1035
S1036,Pass@S1036
S1037,Pass@S1037
S1038,Pass@S1038
S1039,Pass@S1039
S1040,Pass@S1040
