student_id,course_code,exam_session,exam_type,internal_marks,external_marks,total_marks,max_marks,result
S1001,CS201,2025-DEC,REGULAR,30,45,75,100,PASS
S1001,CS202,2025-DEC,REGULAR,32,44,76,100,PASS
S1001,MA201,2025-DEC,REGULAR,28,40,68,100,PASS
S1002,CS201,2025-DEC,REGULAR,31,48,79,100,PASS
S1002,CS202,2025-DEC,REGULAR,34,50,84,100,PASS
S1002,MA201,2025-DEC,REGULAR,30,46,76,100,PASS
S1003,CS201,2025-DEC,REGULAR,27,40,67,100,PASS
S1003,CS202,2025-DEC,REGULAR,29,41,70,100,PASS
S1003,MA201,2025-DEC,REGULAR,25,38,63,100,PASS
S1004,CS201,2025-DEC,REGULAR,26,39,65,100,PASS
S1004,CS202,2025-DEC,REGULAR,28,37,65,100,PASS
S1004,MA201,2025-DEC,REGULAR,24,36,60,100,PASS
S1005,CS201,2025-DEC,REGULAR,22,17,39,100,FAIL
S1005,CS202,2025-DEC,REGULAR,30,42,72,100,PASS
S1005,MA201,2025-DEC,REGULAR,27,41,68,100,PASS
S1006,CS201,2025-DEC,REGULAR,28,40,68,100,PASS
S1006,CS202,2025-DEC,REGULAR,27,38,65,100,PASS
S1006,MA201,2025-DEC,REGULAR,25,0,25,100,ABSENT
S1007,CS201,2025-DEC,REGULAR,22,26,48,100,PASS
S1007,CS202,2025-DEC,REGULAR,10,0,10,100,DETAINED
S1007,MA201,2025-DEC,REGULAR,21,25,46,100,PASS
S1008,EC201,2025-DEC,REGULAR,18,15,33,100,FAIL
S1008,EC202,2025-DEC,REGULAR,16,20,36,100,FAIL
S1008,MA202,2025-DEC,REGULAR,14,19,33,100,FAIL
S1009,EC201,2025-DEC,REGULAR,25,30,55,100,PASS
S1009,EC202,2025-DEC,REGULAR,24,31,55,100,PASS
S1009,MA202,2025-DEC,REGULAR,22,28,50,100,PASS
S1010,EC201,2025-DEC,REGULAR,20,20,40,100,PASS
S1010,EC202,2025-DEC,REGULAR,34,50,84,100,PASS
S1010,MA202,2025-DEC,REGULAR,33,49,82,100,PASS
S1011,CS201,2025-DEC,REGULAR,17,13,30,100,FAIL
S1011,CS202,2025-DEC,REGULAR,34,30,64,100,PASS
S1011,MA201,2025-DEC,REGULAR,33,46,79,100,PASS
S1012,EC201,2025-DEC,REGULAR,13,18,31,100,FAIL
S1012,EC202,2025-DEC,REGULAR,36,48,84,100,PASS
S1012,MA202,2025-DEC,REGULAR,33,34,67,100,PASS
S1013,CS201,2025-DEC,REGULAR,27,45,72,100,PASS
S1013,CS202,2025-DEC,REGULAR,36,40,76,100,PASS
S1013,MA201,2025-DEC,REGULAR,29,49,78,100,PASS
S1014,EC201,2025-DEC,REGULAR,32,40,72,100,PASS
S1014,EC202,2025-DEC,REGULAR,32,34,66,100,PASS
S1014,MA202,2025-DEC,REGULAR,36,32,68,100,PASS
S1015,CS201,2025-DEC,REGULAR,35,46,81,100,PASS
S1015,CS202,2025-DEC,REGULAR,26,44,70,100,PASS
S1015,MA201,2025-DEC,REGULAR,23,55,78,100,PASS
S1016,EC201,2025-DEC,REGULAR,16,14,30,100,FAIL
S1016,EC202,2025-DEC,REGULAR,22,49,71,100,PASS
S1016,MA202,2025-DEC,REGULAR,30,52,82,100,PASS
S1017,CS201,2025-DEC,REGULAR,30,44,74,100,PASS
S1017,CS202,2025-DEC,REGULAR,25,55,80,100,PASS
S1017,MA201,2025-DEC,REGULAR,38,47,85,100,PASS
S1018,EC201,2025-DEC,REGULAR,38,28,66,100,PASS
S1018,EC202,2025-DEC,REGULAR,22,31,53,100,PASS
S1018,MA202,2025-DEC,REGULAR,31,35,66,100,PASS
S1019,CS201,2025-DEC,REGULAR,37,54,91,100,PASS
S1019,CS202,2025-DEC,REGULAR,26,32,58,100,PASS
S1019,MA201,2025-DEC,REGULAR,27,36,63,100,PASS
S1020,EC201,2025-DEC,REGULAR,28,50,78,100,PASS
S1020,EC202,2025-DEC,REGULAR,33,42,75,100,PASS
S1020,MA202,2025-DEC,REGULAR,29,35,64,100,PASS
S1021,CS201,2025-DEC,REGULAR,22,30,52,100,PASS
S1021,CS202,2025-DEC,REGULAR,29,30,59,100,PASS
S1021,MA201,2025-DEC,REGULAR,24,44,68,100,PASS
S1022,EC201,2025-DEC,REGULAR,37,35,72,100,PASS
S1022,EC202,2025-DEC,REGULAR,35,34,69,100,PASS
S1022,MA202,2025-DEC,REGULAR,35,39,74,100,PASS
S1023,CS201,2025-DEC,REGULAR,25,29,54,100,PASS
S1023,CS202,2025-DEC,REGULAR,25,35,60,100,PASS
S1023,MA201,2025-DEC,REGULAR,36,32,68,100,PASS
S1024,EC201,2025-DEC,REGULAR,25,29,54,100,PASS
S1024,EC202,2025-DEC,REGULAR,22,30,52,100,PASS
S1024,MA202,2025-DEC,REGULAR,27,41,68,100,PASS
S1025,CS201,2025-DEC,REGULAR,22,40,62,100,PASS
S1025,CS202,2025-DEC,REGULAR,36,37,73,100,PASS
S1025,MA201,2025-DEC,REGULAR,37,32,69,100,PASS
S1026,EC201,2025-DEC,REGULAR,23,51,74,100,PASS
S1026,EC202,2025-DEC,REGULAR,37,44,81,100,PASS
S1026,MA202,2025-DEC,REGULAR,38,30,68,100,PASS
S1027,CS201,2025-DEC,REGULAR,19,5,24,100,FAIL
S1027,CS202,2025-DEC,REGULAR,38,38,76,100,PASS
S1027,MA201,2025-DEC,REGULAR,32,35,67,100,PASS
S1028,EC201,2025-DEC,REGULAR,24,28,52,100,PASS
S1028,EC202,2025-DEC,REGULAR,25,30,55,100,PASS
S1028,MA202,2025-DEC,REGULAR,30,32,62,100,PASS
S1029,CS201,2025-DEC,REGULAR,36,54,90,100,PASS
S1029,CS202,2025-DEC,REGULAR,38,28,66,100,PASS
S1029,MA201,2025-DEC,REGULAR,31,49,80,100,PASS
S1030,EC201,2025-DEC,REGULAR,14,14,28,100,FAIL
S1030,EC202,2025-DEC,REGULAR,28,49,77,100,PASS
S1030,MA202,2025-DEC,REGULAR,38,43,81,100,PASS
S1031,CS201,2025-DEC,REGULAR,30,29,59,100,PASS
S1031,CS202,2025-DEC,REGULAR,26,48,74,100,PASS
S1031,MA201,2025-DEC,REGULAR,36,45,81,100,PASS
S1032,EC201,2025-DEC,REGULAR,15,14,29,100,FAIL
S1032,EC202,2025-DEC,REGULAR,26,29,55,100,PASS
S1032,MA202,2025-DEC,REGULAR,23,39,62,100,PASS
S1033,CS201,2025-DEC,REGULAR,35,47,82,100,PASS
S1033,CS202,2025-DEC,REGULAR,29,55,84,100,PASS
S1033,MA201,2025-DEC,REGULAR,27,41,68,100,PASS
S1034,EC201,2025-DEC,REGULAR,29,36,65,100,PASS
S1034,EC202,2025-DEC,REGULAR,25,40,65,100,PASS
S1034,MA202,2025-DEC,REGULAR,29,34,63,100,PASS
S1035,CS201,2025-DEC,REGULAR,28,40,68,100,PASS
S1035,CS202,2025-DEC,REGULAR,24,52,76,100,PASS
S1035,MA201,2025-DEC,REGULAR,38,40,78,100,PASS
S1036,EC201,2025-DEC,REGULAR,11,14,25,100,FAIL
S1036,EC202,2025-DEC,REGULAR,32,41,73,100,PASS
S1036,MA202,2025-DEC,REGULAR,25,40,65,100,PASS
S1037,CS201,2025-DEC,REGULAR,28,39,67,100,PASS
S1037,CS202,2025-DEC,REGULAR,32,47,79,100,PASS
S1037,MA201,2025-DEC,REGULAR,25,51,76,100,PASS
S1038,EC201,2025-DEC,REGULAR,31,45,76,100,PASS
S1038,EC202,2025-DEC,REGULAR,34,49,83,100,PASS
S1038,MA202,2025-DEC,REGULAR,31,40,71,100,PASS
S1039,CS201,2025-DEC,REGULAR,32,42,74,100,PASS
S1039,CS202,2025-DEC,REGULAR,28,44,72,100,PASS
S1039,MA201,2025-DEC,REGULAR,27,49,76,100,PASS
S1040,EC201,2025-DEC,REGULAR,29,49,78,100,PASS
S1040,EC202,2025-DEC,REGULAR,28,32,60,100,PASS
S1040,MA202,2025-DEC,REGULAR,37,47,84,100,PASS
