student_id,full_name,programme,batch_year,current_semester,cgpa,active_backlogs
S1001,Aarav Mehta,B.Tech CSE,2024,5,7.80,0
S1002,Diya Sharma,B.Tech CSE,2024,5,8.20,0
S1003,Kabir Rao,B.Tech CSE,2024,5,7.10,0
S1004,Ishita Verma,B.Tech CSE,2024,5,6.80,0
S1005,Rohan Iyer,B.Tech CSE,2023,7,7.20,1
S1006,Ananya Gupta,B.Tech CSE,2024,5,6.90,1
S1007,Vihaan Malhotra,B.Tech CSE,2023,7,5.40,1
S1008,Meera Nair,B.Tech ECE,2023,7,5.90,3
S1009,Arjun Pillai,B.Tech ECE,2024,5,6.50,0
S1010,Sara Khan,B.Tech ECE,2024,5,8.10,0
S1011,Karan Sinha,B.Tech CSE,2023,7,8.30,1
S1012,Riya Sinha,B.Tech ECE,2024,5,8.29,1
S1013,Sneha Agarwal,B.Tech CSE,2024,5,8.91,0
S1014,Nikhil Agarwal,B.Tech ECE,2024,5,5.81,0
S1015,Yash Das,B.Tech CSE,2023,7,5.87,0
S1016,Pooja Pandey,B.Tech ECE,2024,5,5.69,1
S1017,Karan Reddy,B.Tech CSE,2023,7,5.87,0
S1018,Dev Das,B.Tech ECE,2023,7,6.26,0
S1019,Neha Bhatt,B.Tech CSE,2024,5,9.44,0
S1020,Varun Kulkarni,B.Tech ECE,2023,7,6.69,0
S1021,Aditya Joshi,B.Tech CSE,2023,7,6.43,0
S1022,Aditya Kapoor,B.Tech ECE,2024,5,7.01,0
S1023,Karan Bansal,B.Tech CSE,2024,5,6.01,0
S1024,Yash Kulkarni,B.Tech ECE,2024,5,7.32,0
S1025,Yash Bhatt,B.Tech CSE,2023,7,6.51,0
S1026,Nisha Chopra,B.Tech ECE,2023,7,5.50,0
S1027,Riya Jain,B.Tech CSE,2024,5,6.94,1
S1028,Priya Bansal,B.Tech ECE,2024,5,9.08,0
S1029,Tanvi Pandey,B.Tech CSE,2023,7,9.33,0
S1030,Varun Saxena,B.Tech ECE,2024,5,9.18,1
S1031,Yash Reddy,B.Tech CSE,2024,5,7.67,0
S1032,Simran Saxena,B.Tech ECE,2023,7,8.20,1
S1033,Sneha Reddy,B.Tech CSE,2023,7,5.99,0
S1034,Riya Chopra,B.Tech ECE,2024,5,6.74,0
S1035,Siddhant Kulkarni,B.Tech CSE,2024,5,9.33,0
S1036,Kavya Das,B.Tech ECE,2023,7,6.32,1
S1037,Siddhant Saxena,B.Tech CSE,2024,5,7.43,0
S1038,Yash Agarwal,B.Tech ECE,2023,7,6.54,0
S1039,Kavya Reddy,B.Tech CSE,2023,7,6.45,0
S1040,Manav Bhatt,B.Tech ECE,2023,7,7.20,0
